日付,source_url,末尾,平均差枚,平均G数,勝率,出率
2026-03-01,https://min-repo.com/2951671/,0,283,5583,25/49,101.7%
2026-03-01,https://min-repo.com/2951671/,1,-,6008,23/49,-
2026-03-01,https://min-repo.com/2951671/,2,-,5133,16/49,-
2026-03-01,https://min-repo.com/2951671/,3,-,5643,23/49,-
2026-03-01,https://min-repo.com/2951671/,4,-,5840,20/48,-
2026-03-01,https://min-repo.com/2951671/,5,130,5431,19/49,100.8%
2026-03-01,https://min-repo.com/2951671/,6,-,5554,18/49,-
2026-03-01,https://min-repo.com/2951671/,7,-,5210,14/49,-
2026-03-01,https://min-repo.com/2951671/,8,-,5634,16/49,-
2026-03-01,https://min-repo.com/2951671/,9,-,5314,20/49,-
2026-03-01,https://min-repo.com/2951671/,ゾロ目 (下二桁),-,5197,18/49,-
2026-03-02,https://min-repo.com/2955272/,0,-,4147,20/49,-
2026-03-02,https://min-repo.com/2955272/,1,-,4165,11/49,-
2026-03-02,https://min-repo.com/2955272/,2,-,3844,21/49,-
2026-03-02,https://min-repo.com/2955272/,3,-,3682,14/49,-
2026-03-02,https://min-repo.com/2955272/,4,26,4063,20/48,100.2%
2026-03-02,https://min-repo.com/2955272/,5,92,4118,15/49,100.7%
2026-03-02,https://min-repo.com/2955272/,6,441,4189,22/49,103.5%
2026-03-02,https://min-repo.com/2955272/,7,-,3726,14/49,-
2026-03-02,https://min-repo.com/2955272/,8,200,3863,19/49,101.7%
2026-03-02,https://min-repo.com/2955272/,9,-,3855,15/49,-
2026-03-02,https://min-repo.com/2955272/,ゾロ目 (下二桁),-,3995,19/49,-
2026-03-03,https://min-repo.com/2955653/,0,-,5672,19/49,-
2026-03-03,https://min-repo.com/2955653/,1,-,5742,14/49,-
2026-03-03,https://min-repo.com/2955653/,2,188,5781,23/49,101.1%
2026-03-03,https://min-repo.com/2955653/,3,-,5759,22/49,-
2026-03-03,https://min-repo.com/2955653/,4,300,6038,20/48,101.7%
2026-03-03,https://min-repo.com/2955653/,5,-,5953,20/49,-
2026-03-03,https://min-repo.com/2955653/,6,277,5719,22/49,101.6%
2026-03-03,https://min-repo.com/2955653/,7,201,5817,21/49,101.2%
2026-03-03,https://min-repo.com/2955653/,8,131,5389,18/49,100.8%
2026-03-03,https://min-repo.com/2955653/,9,-,5693,20/49,-
2026-03-03,https://min-repo.com/2955653/,ゾロ目 (下二桁),1341,7494,30/49,106%
2026-03-04,https://min-repo.com/2958083/,0,-,3288,15/49,-
2026-03-04,https://min-repo.com/2958083/,1,62,3674,17/49,100.6%
2026-03-04,https://min-repo.com/2958083/,2,-,2605,11/49,-
2026-03-04,https://min-repo.com/2958083/,3,-,3517,13/49,-
2026-03-04,https://min-repo.com/2958083/,4,-,3021,14/48,-
2026-03-04,https://min-repo.com/2958083/,5,-,3379,13/49,-
2026-03-04,https://min-repo.com/2958083/,6,-,3246,16/49,-
2026-03-04,https://min-repo.com/2958083/,7,-,3382,16/49,-
2026-03-04,https://min-repo.com/2958083/,8,-,3310,19/49,-
2026-03-04,https://min-repo.com/2958083/,9,-,3259,17/49,-
2026-03-04,https://min-repo.com/2958083/,ゾロ目 (下二桁),-,3192,13/49,-
2026-03-05,https://min-repo.com/2959680/,0,-,4427,19/49,-
2026-03-05,https://min-repo.com/2959680/,1,-,4503,23/49,-
2026-03-05,https://min-repo.com/2959680/,2,221,4617,23/49,101.6%
2026-03-05,https://min-repo.com/2959680/,3,-,4651,21/49,-
2026-03-05,https://min-repo.com/2959680/,4,-,4536,18/48,-
2026-03-05,https://min-repo.com/2959680/,5,-,4578,20/49,-
2026-03-05,https://min-repo.com/2959680/,6,-,4807,23/49,-
2026-03-05,https://min-repo.com/2959680/,7,-,4878,16/49,-
2026-03-05,https://min-repo.com/2959680/,8,-,4719,18/49,-
2026-03-05,https://min-repo.com/2959680/,9,475,4935,19/49,103.2%
2026-03-05,https://min-repo.com/2959680/,ゾロ目 (下二桁),93,5007,20/49,100.6%
2026-03-06,https://min-repo.com/2961692/,0,-,4537,18/49,-
2026-03-06,https://min-repo.com/2961692/,1,76,4474,18/49,100.6%
2026-03-06,https://min-repo.com/2961692/,2,217,4255,19/49,101.7%
2026-03-06,https://min-repo.com/2961692/,3,326,4600,23/49,102.4%
2026-03-06,https://min-repo.com/2961692/,4,-,4652,14/48,-
2026-03-06,https://min-repo.com/2961692/,5,-,4638,17/49,-
2026-03-06,https://min-repo.com/2961692/,6,-,4511,19/49,-
2026-03-06,https://min-repo.com/2961692/,7,-,4567,18/49,-
2026-03-06,https://min-repo.com/2961692/,8,-,4388,19/49,-
2026-03-06,https://min-repo.com/2961692/,9,-,4737,17/49,-
2026-03-06,https://min-repo.com/2961692/,ゾロ目 (下二桁),-,4143,17/49,-
2026-03-07,https://min-repo.com/2963748/,0,-,6094,20/49,-
2026-03-07,https://min-repo.com/2963748/,1,-,6526,20/49,-
2026-03-07,https://min-repo.com/2963748/,2,50,6607,20/49,100.3%
2026-03-07,https://min-repo.com/2963748/,3,-,5951,17/49,-
2026-03-07,https://min-repo.com/2963748/,4,-,6134,21/48,-
2026-03-07,https://min-repo.com/2963748/,5,-,6704,14/49,-
2026-03-07,https://min-repo.com/2963748/,6,-,6375,19/49,-
2026-03-07,https://min-repo.com/2963748/,7,-,6429,14/49,-
2026-03-07,https://min-repo.com/2963748/,8,-,6624,21/49,-
2026-03-07,https://min-repo.com/2963748/,9,-,6144,19/49,-
2026-03-07,https://min-repo.com/2963748/,ゾロ目 (下二桁),-,6050,15/49,-
2026-03-08,https://min-repo.com/2965854/,0,-,5105,15/49,-
2026-03-08,https://min-repo.com/2965854/,1,288,4823,23/49,102%
2026-03-08,https://min-repo.com/2965854/,2,-,4631,15/49,-
2026-03-08,https://min-repo.com/2965854/,3,-,4485,18/49,-
2026-03-08,https://min-repo.com/2965854/,4,252,5042,25/48,101.7%
2026-03-08,https://min-repo.com/2965854/,5,-,5044,18/49,-
2026-03-08,https://min-repo.com/2965854/,6,63,5159,24/49,100.4%
2026-03-08,https://min-repo.com/2965854/,7,629,5217,25/49,104%
2026-03-08,https://min-repo.com/2965854/,8,447,5620,20/49,102.7%
2026-03-08,https://min-repo.com/2965854/,9,-,4658,16/49,-
2026-03-08,https://min-repo.com/2965854/,ゾロ目 (下二桁),-,4812,16/49,-
2026-03-09,https://min-repo.com/2967977/,0,213,3965,26/49,101.8%
2026-03-09,https://min-repo.com/2967977/,1,-,3826,16/49,-
2026-03-09,https://min-repo.com/2967977/,2,-,3568,16/49,-
2026-03-09,https://min-repo.com/2967977/,3,-,3626,18/49,-
2026-03-09,https://min-repo.com/2967977/,4,269,4152,22/48,102.2%
2026-03-09,https://min-repo.com/2967977/,5,-,3872,14/49,-
2026-03-09,https://min-repo.com/2967977/,6,103,3957,22/49,100.9%
2026-03-09,https://min-repo.com/2967977/,7,-,3773,16/49,-
2026-03-09,https://min-repo.com/2967977/,8,-,3434,16/49,-
2026-03-09,https://min-repo.com/2967977/,9,-,3799,15/49,-
2026-03-09,https://min-repo.com/2967977/,ゾロ目 (下二桁),384,4144,18/49,103.1%
2026-03-10,https://min-repo.com/2970174/,0,-,3601,18/49,-
2026-03-10,https://min-repo.com/2970174/,1,-,4498,20/49,-
2026-03-10,https://min-repo.com/2970174/,2,-,3635,19/49,-
2026-03-10,https://min-repo.com/2970174/,3,-,3759,16/49,-
2026-03-10,https://min-repo.com/2970174/,4,-,4140,16/48,-
2026-03-10,https://min-repo.com/2970174/,5,-,3971,13/49,-
2026-03-10,https://min-repo.com/2970174/,6,-,4262,21/49,-
2026-03-10,https://min-repo.com/2970174/,7,224,4038,26/49,101.8%
2026-03-10,https://min-repo.com/2970174/,8,-,4171,18/49,-
2026-03-10,https://min-repo.com/2970174/,9,-,3827,18/49,-
2026-03-10,https://min-repo.com/2970174/,ゾロ目 (下二桁),-,3880,23/49,-
2026-03-11,https://min-repo.com/2971833/,0,-,5807,20/49,-
2026-03-11,https://min-repo.com/2971833/,1,-,5717,17/49,-
2026-03-11,https://min-repo.com/2971833/,2,-,5624,15/49,-
2026-03-11,https://min-repo.com/2971833/,3,-,5758,18/49,-
2026-03-11,https://min-repo.com/2971833/,4,-,5349,14/48,-
2026-03-11,https://min-repo.com/2971833/,5,-,5646,15/49,-
2026-03-11,https://min-repo.com/2971833/,6,-,5669,14/49,-
2026-03-11,https://min-repo.com/2971833/,7,-,5944,19/49,-
2026-03-11,https://min-repo.com/2971833/,8,-,5220,11/49,-
2026-03-11,https://min-repo.com/2971833/,9,-,5730,22/49,-
2026-03-11,https://min-repo.com/2971833/,ゾロ目 (下二桁),-,6705,17/49,-
2026-03-12,https://min-repo.com/2974040/,0,-,3758,19/49,-
2026-03-12,https://min-repo.com/2974040/,1,-,3411,12/49,-
2026-03-12,https://min-repo.com/2974040/,2,-,4075,16/49,-
2026-03-12,https://min-repo.com/2974040/,3,-,3457,19/49,-
2026-03-12,https://min-repo.com/2974040/,4,351,3841,21/48,103%
2026-03-12,https://min-repo.com/2974040/,5,-,3883,15/49,-
2026-03-12,https://min-repo.com/2974040/,6,41,4140,22/49,100.3%
2026-03-12,https://min-repo.com/2974040/,7,-,3417,17/49,-
2026-03-12,https://min-repo.com/2974040/,8,49,3686,14/49,100.4%
2026-03-12,https://min-repo.com/2974040/,9,-,3445,18/49,-
2026-03-12,https://min-repo.com/2974040/,ゾロ目 (下二桁),298,3502,18/49,102.8%
2026-03-13,https://min-repo.com/2976121/,0,-,4468,18/49,-
2026-03-13,https://min-repo.com/2976121/,1,-,3717,18/49,-
2026-03-13,https://min-repo.com/2976121/,2,-,3935,18/49,-
2026-03-13,https://min-repo.com/2976121/,3,236,3876,25/49,102%
2026-03-13,https://min-repo.com/2976121/,4,314,3932,20/48,102.7%
2026-03-13,https://min-repo.com/2976121/,5,18,4516,18/49,100.1%
2026-03-13,https://min-repo.com/2976121/,6,27,4116,17/49,100.2%
2026-03-13,https://min-repo.com/2976121/,7,62,3928,24/49,100.5%
2026-03-13,https://min-repo.com/2976121/,8,-,4297,15/49,-
2026-03-13,https://min-repo.com/2976121/,9,-,4079,15/49,-
2026-03-13,https://min-repo.com/2976121/,ゾロ目 (下二桁),350,4068,18/49,102.9%
2026-03-14,https://min-repo.com/2978484/,0,-,5445,16/49,-
2026-03-14,https://min-repo.com/2978484/,1,-,5405,20/49,-
2026-03-14,https://min-repo.com/2978484/,2,-,5063,19/49,-
2026-03-14,https://min-repo.com/2978484/,3,-,5197,13/49,-
2026-03-14,https://min-repo.com/2978484/,4,-,5216,11/48,-
2026-03-14,https://min-repo.com/2978484/,5,-,5410,13/49,-
2026-03-14,https://min-repo.com/2978484/,6,238,5619,22/49,101.4%
2026-03-14,https://min-repo.com/2978484/,7,-,5706,16/49,-
2026-03-14,https://min-repo.com/2978484/,8,91,5555,21/49,100.5%
2026-03-14,https://min-repo.com/2978484/,9,-,4875,14/49,-
2026-03-14,https://min-repo.com/2978484/,ゾロ目 (下二桁),296,5110,19/49,101.9%
2026-03-15,https://min-repo.com/2980227/,0,-,4895,19/49,-
2026-03-15,https://min-repo.com/2980227/,1,-,4475,12/49,-
2026-03-15,https://min-repo.com/2980227/,2,-,4541,16/49,-
2026-03-15,https://min-repo.com/2980227/,3,-,4883,20/49,-
2026-03-15,https://min-repo.com/2980227/,4,-,4630,21/48,-
2026-03-15,https://min-repo.com/2980227/,5,-,4691,15/49,-
2026-03-15,https://min-repo.com/2980227/,6,67,4719,19/49,100.5%
2026-03-15,https://min-repo.com/2980227/,7,-,4498,14/49,-
2026-03-15,https://min-repo.com/2980227/,8,-,4451,18/49,-
2026-03-15,https://min-repo.com/2980227/,9,42,4403,16/49,100.3%
2026-03-15,https://min-repo.com/2980227/,ゾロ目 (下二桁),-,4716,14/49,-
2026-03-16,https://min-repo.com/2982462/,0,149,4238,20/49,101.2%
2026-03-16,https://min-repo.com/2982462/,1,253,4098,21/49,102.1%
2026-03-16,https://min-repo.com/2982462/,2,243,4012,14/49,102%
2026-03-16,https://min-repo.com/2982462/,3,337,4517,20/49,102.5%
2026-03-16,https://min-repo.com/2982462/,4,77,3719,23/48,100.7%
2026-03-16,https://min-repo.com/2982462/,5,-,4247,17/49,-
2026-03-16,https://min-repo.com/2982462/,6,7,4183,18/49,100.1%
2026-03-16,https://min-repo.com/2982462/,7,-,4106,19/49,-
2026-03-16,https://min-repo.com/2982462/,8,-,3894,20/49,-
2026-03-16,https://min-repo.com/2982462/,9,-,4249,14/49,-
2026-03-16,https://min-repo.com/2982462/,ゾロ目 (下二桁),-,3881,16/49,-
2026-03-17,https://min-repo.com/2985774/,0,-,4763,17/49,-
2026-03-17,https://min-repo.com/2985774/,1,-,5069,14/49,-
2026-03-17,https://min-repo.com/2985774/,2,-,4568,16/49,-
2026-03-17,https://min-repo.com/2985774/,3,-,4385,14/49,-
2026-03-17,https://min-repo.com/2985774/,4,239,4791,21/48,101.7%
2026-03-17,https://min-repo.com/2985774/,5,17,4807,18/49,100.1%
2026-03-17,https://min-repo.com/2985774/,6,-,4896,18/49,-
2026-03-17,https://min-repo.com/2985774/,7,203,5359,25/49,101.3%
2026-03-17,https://min-repo.com/2985774/,8,-,4715,17/49,-
2026-03-17,https://min-repo.com/2985774/,9,-,4474,13/49,-
2026-03-17,https://min-repo.com/2985774/,ゾロ目 (下二桁),-,4677,19/49,-
2026-03-18,https://min-repo.com/2986785/,0,-,3243,16/49,-
2026-03-18,https://min-repo.com/2986785/,1,9,3833,17/49,100.1%
2026-03-18,https://min-repo.com/2986785/,2,150,3211,19/49,101.6%
2026-03-18,https://min-repo.com/2986785/,3,120,3651,19/49,101.1%
2026-03-18,https://min-repo.com/2986785/,4,-,3458,13/48,-
2026-03-18,https://min-repo.com/2986785/,5,238,3969,21/49,102%
2026-03-18,https://min-repo.com/2986785/,6,-,3996,20/49,-
2026-03-18,https://min-repo.com/2986785/,7,31,3556,18/49,100.3%
2026-03-18,https://min-repo.com/2986785/,8,-,3922,20/49,-
2026-03-18,https://min-repo.com/2986785/,9,126,3961,21/49,101.1%
2026-03-18,https://min-repo.com/2986785/,ゾロ目 (下二桁),-,3388,15/49,-
2026-03-19,https://min-repo.com/2988354/,0,-,3920,16/49,-
2026-03-19,https://min-repo.com/2988354/,1,112,4125,20/49,100.9%
2026-03-19,https://min-repo.com/2988354/,2,175,4114,24/49,101.4%
2026-03-19,https://min-repo.com/2988354/,3,-,3240,14/49,-
2026-03-19,https://min-repo.com/2988354/,4,-,3572,11/48,-
2026-03-19,https://min-repo.com/2988354/,5,-,4261,18/49,-
2026-03-19,https://min-repo.com/2988354/,6,-,3966,11/49,-
2026-03-19,https://min-repo.com/2988354/,7,-,3675,17/49,-
2026-03-19,https://min-repo.com/2988354/,8,407,3724,19/49,103.6%
2026-03-19,https://min-repo.com/2988354/,9,257,3964,20/49,102.2%
2026-03-19,https://min-repo.com/2988354/,ゾロ目 (下二桁),-,3825,9/49,-
2026-03-20,https://min-repo.com/2990420/,0,-,5927,23/49,-
2026-03-20,https://min-repo.com/2990420/,1,-,5847,15/49,-
2026-03-20,https://min-repo.com/2990420/,2,-,5482,17/49,-
2026-03-20,https://min-repo.com/2990420/,3,220,5368,23/49,101.4%
2026-03-20,https://min-repo.com/2990420/,4,-,5552,17/48,-
2026-03-20,https://min-repo.com/2990420/,5,-,5599,21/49,-
2026-03-20,https://min-repo.com/2990420/,6,60,6106,28/49,100.3%
2026-03-20,https://min-repo.com/2990420/,7,-,5518,21/49,-
2026-03-20,https://min-repo.com/2990420/,8,-,5128,15/49,-
2026-03-20,https://min-repo.com/2990420/,9,-,5773,19/49,-
2026-03-20,https://min-repo.com/2990420/,ゾロ目 (下二桁),-,5578,19/49,-
2026-03-21,https://min-repo.com/2992980/,0,128,5109,17/49,100.8%
2026-03-21,https://min-repo.com/2992980/,1,-,5381,19/49,-
2026-03-21,https://min-repo.com/2992980/,2,-,4863,18/49,-
2026-03-21,https://min-repo.com/2992980/,3,370,5039,19/49,102.4%
2026-03-21,https://min-repo.com/2992980/,4,-,4921,16/48,-
2026-03-21,https://min-repo.com/2992980/,5,-,5059,14/49,-
2026-03-21,https://min-repo.com/2992980/,6,56,5671,24/49,100.3%
2026-03-21,https://min-repo.com/2992980/,7,-,5567,15/49,-
2026-03-21,https://min-repo.com/2992980/,8,17,5277,17/49,100.1%
2026-03-21,https://min-repo.com/2992980/,9,215,5276,23/49,101.4%
2026-03-21,https://min-repo.com/2992980/,ゾロ目 (下二桁),134,5130,17/49,100.9%
2026-03-22,https://min-repo.com/2994387/,0,-,5864,20/49,-
2026-03-22,https://min-repo.com/2994387/,1,-,5721,17/49,-
2026-03-22,https://min-repo.com/2994387/,2,-,5530,16/49,-
2026-03-22,https://min-repo.com/2994387/,3,-,5773,12/49,-
2026-03-22,https://min-repo.com/2994387/,4,-,5865,21/48,-
2026-03-22,https://min-repo.com/2994387/,5,-,5917,19/49,-
2026-03-22,https://min-repo.com/2994387/,6,-,6096,14/49,-
2026-03-22,https://min-repo.com/2994387/,7,-,5891,19/49,-
2026-03-22,https://min-repo.com/2994387/,8,-,6050,13/49,-
2026-03-22,https://min-repo.com/2994387/,9,-,5684,17/49,-
2026-03-22,https://min-repo.com/2994387/,ゾロ目 (下二桁),-,7174,22/49,-
2026-03-23,https://min-repo.com/2996603/,0,-,3837,21/49,-
2026-03-23,https://min-repo.com/2996603/,1,5,3361,15/49,100%
2026-03-23,https://min-repo.com/2996603/,2,-,3616,14/49,-
2026-03-23,https://min-repo.com/2996603/,3,-,3659,16/49,-
2026-03-23,https://min-repo.com/2996603/,4,-,3541,18/48,-
2026-03-23,https://min-repo.com/2996603/,5,-,4032,16/49,-
2026-03-23,https://min-repo.com/2996603/,6,-,3967,17/49,-
2026-03-23,https://min-repo.com/2996603/,7,-,3462,19/49,-
2026-03-23,https://min-repo.com/2996603/,8,-,3769,13/49,-
2026-03-23,https://min-repo.com/2996603/,9,-,3783,14/49,-
2026-03-23,https://min-repo.com/2996603/,ゾロ目 (下二桁),-,3452,14/49,-
2026-03-24,https://min-repo.com/2998713/,0,-,5677,17/49,-
2026-03-24,https://min-repo.com/2998713/,1,45,5792,21/49,100.3%
2026-03-24,https://min-repo.com/2998713/,2,-,5702,19/49,-
2026-03-24,https://min-repo.com/2998713/,3,-,5726,18/49,-
2026-03-24,https://min-repo.com/2998713/,4,-,5548,12/48,-
2026-03-24,https://min-repo.com/2998713/,5,-,5228,15/49,-
2026-03-24,https://min-repo.com/2998713/,6,116,6247,21/49,100.6%
2026-03-24,https://min-repo.com/2998713/,7,-,5637,18/49,-
2026-03-24,https://min-repo.com/2998713/,8,-,5585,18/49,-
2026-03-24,https://min-repo.com/2998713/,9,-,5592,19/49,-
2026-03-24,https://min-repo.com/2998713/,ゾロ目 (下二桁),-,5672,14/49,-
2026-03-25,https://min-repo.com/3002105/,0,-,4068,13/49,-
2026-03-25,https://min-repo.com/3002105/,1,173,4062,20/49,101.4%
2026-03-25,https://min-repo.com/3002105/,2,44,4638,21/49,100.3%
2026-03-25,https://min-repo.com/3002105/,3,262,4006,23/49,102.2%
2026-03-25,https://min-repo.com/3002105/,4,-,4016,16/48,-
2026-03-25,https://min-repo.com/3002105/,5,53,4358,22/49,100.4%
2026-03-25,https://min-repo.com/3002105/,6,-,4057,22/49,-
2026-03-25,https://min-repo.com/3002105/,7,-,4194,17/49,-
2026-03-25,https://min-repo.com/3002105/,8,64,4039,20/49,100.5%
2026-03-25,https://min-repo.com/3002105/,9,-,3777,17/49,-
2026-03-25,https://min-repo.com/3002105/,ゾロ目 (下二桁),-,3490,12/49,-
2026-03-26,https://min-repo.com/3003085/,0,215,4160,24/49,101.7%
2026-03-26,https://min-repo.com/3003085/,1,-,4207,18/49,-
2026-03-26,https://min-repo.com/3003085/,2,368,4138,24/49,103%
2026-03-26,https://min-repo.com/3003085/,3,-,4032,13/49,-
2026-03-26,https://min-repo.com/3003085/,4,-,3838,16/48,-
2026-03-26,https://min-repo.com/3003085/,5,169,4091,21/49,101.4%
2026-03-26,https://min-repo.com/3003085/,6,217,4202,17/49,101.7%
2026-03-26,https://min-repo.com/3003085/,7,234,4400,20/49,101.8%
2026-03-26,https://min-repo.com/3003085/,8,-,3816,15/49,-
2026-03-26,https://min-repo.com/3003085/,9,-,3935,13/49,-
2026-03-26,https://min-repo.com/3003085/,ゾロ目 (下二桁),141,4165,18/49,101.1%
2026-03-27,https://min-repo.com/3004842/,0,-,4799,16/49,-
2026-03-27,https://min-repo.com/3004842/,1,-,4597,12/49,-
2026-03-27,https://min-repo.com/3004842/,2,-,4753,16/49,-
2026-03-27,https://min-repo.com/3004842/,3,-,4486,13/49,-
2026-03-27,https://min-repo.com/3004842/,4,-,4851,14/48,-
2026-03-27,https://min-repo.com/3004842/,5,-,5156,10/49,-
2026-03-27,https://min-repo.com/3004842/,6,-,4507,16/49,-
2026-03-27,https://min-repo.com/3004842/,7,-,4844,18/49,-
2026-03-27,https://min-repo.com/3004842/,8,-,5076,10/49,-
2026-03-27,https://min-repo.com/3004842/,9,-,4504,16/49,-
2026-03-27,https://min-repo.com/3004842/,ゾロ目 (下二桁),-,4257,11/49,-
2026-03-28,https://min-repo.com/3006997/,0,445,4822,24/49,103.1%
2026-03-28,https://min-repo.com/3006997/,1,348,5144,24/49,102.3%
2026-03-28,https://min-repo.com/3006997/,2,183,5134,23/49,101.2%
2026-03-28,https://min-repo.com/3006997/,3,399,4973,19/49,102.7%
2026-03-28,https://min-repo.com/3006997/,4,-,5268,14/48,-
2026-03-28,https://min-repo.com/3006997/,5,-,4612,11/49,-
2026-03-28,https://min-repo.com/3006997/,6,-,5094,15/49,-
2026-03-28,https://min-repo.com/3006997/,7,-,4282,12/49,-
2026-03-28,https://min-repo.com/3006997/,8,-,5167,16/49,-
2026-03-28,https://min-repo.com/3006997/,9,-,4781,18/49,-
2026-03-28,https://min-repo.com/3006997/,ゾロ目 (下二桁),252,4685,18/49,101.8%
2026-03-29,https://min-repo.com/3009000/,0,-,4788,20/49,-
2026-03-29,https://min-repo.com/3009000/,1,-,4593,18/49,-
2026-03-29,https://min-repo.com/3009000/,2,-,3756,10/49,-
2026-03-29,https://min-repo.com/3009000/,3,45,4897,19/49,100.3%
2026-03-29,https://min-repo.com/3009000/,4,-,4718,16/48,-
2026-03-29,https://min-repo.com/3009000/,5,-,4671,14/49,-
2026-03-29,https://min-repo.com/3009000/,6,-,4959,15/49,-
2026-03-29,https://min-repo.com/3009000/,7,-,4974,16/49,-
2026-03-29,https://min-repo.com/3009000/,8,-,4703,16/49,-
2026-03-29,https://min-repo.com/3009000/,9,710,5493,29/49,104.3%
2026-03-29,https://min-repo.com/3009000/,ゾロ目 (下二桁),-,4619,17/49,-
2026-03-30,https://min-repo.com/3011061/,0,-,3494,13/49,-
2026-03-30,https://min-repo.com/3011061/,1,-,3512,12/49,-
2026-03-30,https://min-repo.com/3011061/,2,-,3766,13/49,-
2026-03-30,https://min-repo.com/3011061/,3,-,3953,18/49,-
2026-03-30,https://min-repo.com/3011061/,4,-,3782,15/48,-
2026-03-30,https://min-repo.com/3011061/,5,-,3894,15/49,-
2026-03-30,https://min-repo.com/3011061/,6,-,3791,17/49,-
2026-03-30,https://min-repo.com/3011061/,7,-,3340,11/49,-
2026-03-30,https://min-repo.com/3011061/,8,-,3734,14/49,-
2026-03-30,https://min-repo.com/3011061/,9,-,3136,17/49,-
2026-03-30,https://min-repo.com/3011061/,ゾロ目 (下二桁),-,3719,17/49,-
2026-03-31,https://min-repo.com/3013196/,0,-,4159,14/49,-
2026-03-31,https://min-repo.com/3013196/,1,-,4272,12/49,-
2026-03-31,https://min-repo.com/3013196/,2,-,4366,19/49,-
2026-03-31,https://min-repo.com/3013196/,3,186,3689,20/49,101.7%
2026-03-31,https://min-repo.com/3013196/,4,207,3998,23/48,101.7%
2026-03-31,https://min-repo.com/3013196/,5,-,3690,14/49,-
2026-03-31,https://min-repo.com/3013196/,6,-,4257,17/49,-
2026-03-31,https://min-repo.com/3013196/,7,-,4027,17/49,-
2026-03-31,https://min-repo.com/3013196/,8,-,4220,15/49,-
2026-03-31,https://min-repo.com/3013196/,9,-,3515,11/49,-
2026-03-31,https://min-repo.com/3013196/,ゾロ目 (下二桁),-,3588,9/49,-
2026-04-01,https://min-repo.com/3015169/,0,-,4050,14/49,-
2026-04-01,https://min-repo.com/3015169/,1,406,4435,19/49,103.1%
2026-04-01,https://min-repo.com/3015169/,2,193,4033,18/49,101.6%
2026-04-01,https://min-repo.com/3015169/,3,-,3950,17/49,-
2026-04-01,https://min-repo.com/3015169/,4,40,4621,22/48,100.3%
2026-04-01,https://min-repo.com/3015169/,5,-,4313,18/49,-
2026-04-01,https://min-repo.com/3015169/,6,-,4738,22/49,-
2026-04-01,https://min-repo.com/3015169/,7,63,4152,22/49,100.5%
2026-04-01,https://min-repo.com/3015169/,8,-,3878,11/49,-
2026-04-01,https://min-repo.com/3015169/,9,-,4336,16/49,-
2026-04-01,https://min-repo.com/3015169/,ゾロ目 (下二桁),-,4058,17/49,-
2026-04-02,https://min-repo.com/3017165/,0,111,3977,26/49,100.9%
2026-04-02,https://min-repo.com/3017165/,1,-,3349,14/49,-
2026-04-02,https://min-repo.com/3017165/,2,-,3850,16/49,-
2026-04-02,https://min-repo.com/3017165/,3,-,3048,16/49,-
2026-04-02,https://min-repo.com/3017165/,4,387,3635,25/48,103.5%
2026-04-02,https://min-repo.com/3017165/,5,-,4015,16/49,-
2026-04-02,https://min-repo.com/3017165/,6,-,3628,17/49,-
2026-04-02,https://min-repo.com/3017165/,7,-,4015,15/49,-
2026-04-02,https://min-repo.com/3017165/,8,242,3465,15/49,102.3%
2026-04-02,https://min-repo.com/3017165/,9,-,3379,15/49,-
2026-04-02,https://min-repo.com/3017165/,ゾロ目 (下二桁),166,3860,21/49,101.4%
2026-04-03,https://min-repo.com/3019103/,0,-,3909,15/49,-
2026-04-03,https://min-repo.com/3019103/,1,-,3747,19/49,-
2026-04-03,https://min-repo.com/3019103/,2,-,3659,18/49,-
2026-04-03,https://min-repo.com/3019103/,3,395,3924,24/49,103.4%
2026-04-03,https://min-repo.com/3019103/,4,-,3596,15/48,-
2026-04-03,https://min-repo.com/3019103/,5,-,4003,13/49,-
2026-04-03,https://min-repo.com/3019103/,6,-,3847,12/49,-
2026-04-03,https://min-repo.com/3019103/,7,-,4051,18/49,-
2026-04-03,https://min-repo.com/3019103/,8,-,3735,16/49,-
2026-04-03,https://min-repo.com/3019103/,9,-,4158,14/49,-
2026-04-03,https://min-repo.com/3019103/,ゾロ目 (下二桁),-,3874,17/49,-
2026-04-04,https://min-repo.com/3020963/,0,-,6706,16/49,-
2026-04-04,https://min-repo.com/3020963/,1,-,6906,19/49,-
2026-04-04,https://min-repo.com/3020963/,2,299,6552,22/49,101.5%
2026-04-04,https://min-repo.com/3020963/,3,190,6595,27/49,101%
2026-04-04,https://min-repo.com/3020963/,4,409,6830,25/48,102%
2026-04-04,https://min-repo.com/3020963/,5,-,6590,19/49,-
2026-04-04,https://min-repo.com/3020963/,6,78,6712,22/49,100.4%
2026-04-04,https://min-repo.com/3020963/,7,138,6678,19/49,100.7%
2026-04-04,https://min-repo.com/3020963/,8,122,6656,20/49,100.6%
2026-04-04,https://min-repo.com/3020963/,9,278,6848,24/49,101.4%
2026-04-04,https://min-repo.com/3020963/,ゾロ目 (下二桁),1235,7489,28/49,105.5%
2026-04-05,https://min-repo.com/3023182/,0,-,4959,16/49,-
2026-04-05,https://min-repo.com/3023182/,1,-,4810,14/49,-
2026-04-05,https://min-repo.com/3023182/,2,-,4823,18/49,-
2026-04-05,https://min-repo.com/3023182/,3,-,4678,16/49,-
2026-04-05,https://min-repo.com/3023182/,4,-,4446,14/48,-
2026-04-05,https://min-repo.com/3023182/,5,-,5055,13/49,-
2026-04-05,https://min-repo.com/3023182/,6,-,4852,20/49,-
2026-04-05,https://min-repo.com/3023182/,7,-,5031,18/49,-
2026-04-05,https://min-repo.com/3023182/,8,-,4963,22/49,-
2026-04-05,https://min-repo.com/3023182/,9,-,4613,15/49,-
2026-04-05,https://min-repo.com/3023182/,ゾロ目 (下二桁),-,5035,13/49,-
2026-04-06,https://min-repo.com/3025409/,0,-,4231,14/49,-
2026-04-06,https://min-repo.com/3025409/,1,-,4395,18/49,-
2026-04-06,https://min-repo.com/3025409/,2,-,3549,18/49,-
2026-04-06,https://min-repo.com/3025409/,3,126,4422,24/49,100.9%
2026-04-06,https://min-repo.com/3025409/,4,-,4003,16/48,-
2026-04-06,https://min-repo.com/3025409/,5,-,3957,23/49,-
2026-04-06,https://min-repo.com/3025409/,6,121,4517,20/49,100.9%
2026-04-06,https://min-repo.com/3025409/,7,-,3801,17/49,-
2026-04-06,https://min-repo.com/3025409/,8,-,4062,15/49,-
2026-04-06,https://min-repo.com/3025409/,9,-,4144,19/49,-
2026-04-06,https://min-repo.com/3025409/,ゾロ目 (下二桁),-,3807,13/49,-
2026-04-07,https://min-repo.com/3027195/,0,-,4083,14/49,-
2026-04-07,https://min-repo.com/3027195/,1,7,4122,20/49,100.1%
2026-04-07,https://min-repo.com/3027195/,2,156,4182,21/49,101.2%
2026-04-07,https://min-repo.com/3027195/,3,4,3526,17/49,100%
2026-04-07,https://min-repo.com/3027195/,4,-,4200,13/48,-
2026-04-07,https://min-repo.com/3027195/,5,-,4211,14/49,-
2026-04-07,https://min-repo.com/3027195/,6,600,4302,21/49,104.6%
2026-04-07,https://min-repo.com/3027195/,7,360,4360,24/49,102.8%
2026-04-07,https://min-repo.com/3027195/,8,-,3974,23/49,-
2026-04-07,https://min-repo.com/3027195/,9,157,3907,18/49,101.3%
2026-04-07,https://min-repo.com/3027195/,ゾロ目 (下二桁),287,4242,21/49,102.3%
2026-04-08,https://min-repo.com/3029170/,0,-,3615,13/49,-
2026-04-08,https://min-repo.com/3029170/,1,22,3197,20/49,100.2%
2026-04-08,https://min-repo.com/3029170/,2,-,3204,20/49,-
2026-04-08,https://min-repo.com/3029170/,3,-,3182,17/49,-
2026-04-08,https://min-repo.com/3029170/,4,-,3113,10/48,-
2026-04-08,https://min-repo.com/3029170/,5,-,3335,16/49,-
2026-04-08,https://min-repo.com/3029170/,6,-,3556,15/49,-
2026-04-08,https://min-repo.com/3029170/,7,-,2870,14/49,-
2026-04-08,https://min-repo.com/3029170/,8,143,3803,17/49,101.3%
2026-04-08,https://min-repo.com/3029170/,9,-,3248,12/49,-
2026-04-08,https://min-repo.com/3029170/,ゾロ目 (下二桁),-,3130,14/49,-
2026-04-09,https://min-repo.com/3031190/,0,-,3185,15/49,-
2026-04-09,https://min-repo.com/3031190/,1,-,2403,11/49,-
2026-04-09,https://min-repo.com/3031190/,2,-,3011,17/49,-
2026-04-09,https://min-repo.com/3031190/,3,-,3387,16/49,-
2026-04-09,https://min-repo.com/3031190/,4,-,3319,15/48,-
2026-04-09,https://min-repo.com/3031190/,5,69,3166,17/49,100.7%
2026-04-09,https://min-repo.com/3031190/,6,-,3541,15/49,-
2026-04-09,https://min-repo.com/3031190/,7,-,3057,18/49,-
2026-04-09,https://min-repo.com/3031190/,8,-,2986,15/49,-
2026-04-09,https://min-repo.com/3031190/,9,-,3665,14/49,-
2026-04-09,https://min-repo.com/3031190/,ゾロ目 (下二桁),-,3064,15/49,-
2026-04-10,https://min-repo.com/3033216/,0,231,3933,18/49,102%
2026-04-10,https://min-repo.com/3033216/,1,-,3784,16/49,-
2026-04-10,https://min-repo.com/3033216/,2,-,3681,17/49,-
2026-04-10,https://min-repo.com/3033216/,3,-,3570,15/49,-
2026-04-10,https://min-repo.com/3033216/,4,-,3887,16/48,-
2026-04-10,https://min-repo.com/3033216/,5,178,4041,26/49,101.5%
2026-04-10,https://min-repo.com/3033216/,6,-,3873,13/49,-
2026-04-10,https://min-repo.com/3033216/,7,245,3776,21/49,102.2%
2026-04-10,https://min-repo.com/3033216/,8,-,4131,22/49,-
2026-04-10,https://min-repo.com/3033216/,9,-,3387,13/49,-
2026-04-10,https://min-repo.com/3033216/,ゾロ目 (下二桁),-,3690,19/49,-
2026-04-11,https://min-repo.com/3034941/,0,-,5914,17/49,-
2026-04-11,https://min-repo.com/3034941/,1,-,5932,22/49,-
2026-04-11,https://min-repo.com/3034941/,2,309,5716,25/49,101.8%
2026-04-11,https://min-repo.com/3034941/,3,-,5946,17/49,-
2026-04-11,https://min-repo.com/3034941/,4,-,5733,16/48,-
2026-04-11,https://min-repo.com/3034941/,5,570,5875,23/49,103.2%
2026-04-11,https://min-repo.com/3034941/,6,542,6073,20/49,103%
2026-04-11,https://min-repo.com/3034941/,7,-,5544,18/49,-
2026-04-11,https://min-repo.com/3034941/,8,-,5832,12/49,-
2026-04-11,https://min-repo.com/3034941/,9,-,6190,13/49,-
2026-04-11,https://min-repo.com/3034941/,ゾロ目 (下二桁),603,6698,26/49,103%
2026-04-12,https://min-repo.com/3037208/,0,-,4523,18/49,-
2026-04-12,https://min-repo.com/3037208/,1,-,4603,16/49,-
2026-04-12,https://min-repo.com/3037208/,2,-,4257,16/49,-
2026-04-12,https://min-repo.com/3037208/,3,-,4151,17/49,-
2026-04-12,https://min-repo.com/3037208/,4,-,4083,14/48,-
2026-04-12,https://min-repo.com/3037208/,5,-,4398,15/49,-
2026-04-12,https://min-repo.com/3037208/,6,-,4466,11/49,-
2026-04-12,https://min-repo.com/3037208/,7,-,4138,15/49,-
2026-04-12,https://min-repo.com/3037208/,8,-,4429,17/49,-
2026-04-12,https://min-repo.com/3037208/,9,-,4287,16/49,-
2026-04-12,https://min-repo.com/3037208/,ゾロ目 (下二桁),53,4238,21/49,100.4%
2026-04-13,https://min-repo.com/3039290/,0,-,3213,15/49,-
2026-04-13,https://min-repo.com/3039290/,1,170,2972,17/49,101.9%
2026-04-13,https://min-repo.com/3039290/,2,-,3315,16/49,-
2026-04-13,https://min-repo.com/3039290/,3,-,3001,14/49,-
2026-04-13,https://min-repo.com/3039290/,4,-,2892,15/48,-
2026-04-13,https://min-repo.com/3039290/,5,-,3249,14/49,-
2026-04-13,https://min-repo.com/3039290/,6,-,3410,21/49,-
2026-04-13,https://min-repo.com/3039290/,7,-,2857,15/49,-
2026-04-13,https://min-repo.com/3039290/,8,-,3120,15/49,-
2026-04-13,https://min-repo.com/3039290/,9,-,3305,16/49,-
2026-04-13,https://min-repo.com/3039290/,ゾロ目 (下二桁),-,2770,15/49,-
2026-04-14,https://min-repo.com/3041247/,0,-,3467,11/49,-
2026-04-14,https://min-repo.com/3041247/,1,273,3285,17/49,102.8%
2026-04-14,https://min-repo.com/3041247/,2,-,3500,12/49,-
2026-04-14,https://min-repo.com/3041247/,3,-,3255,16/49,-
2026-04-14,https://min-repo.com/3041247/,4,-,3123,24/48,-
2026-04-14,https://min-repo.com/3041247/,5,-,3865,17/49,-
2026-04-14,https://min-repo.com/3041247/,6,-,3221,15/49,-
2026-04-14,https://min-repo.com/3041247/,7,-,3260,18/49,-
2026-04-14,https://min-repo.com/3041247/,8,-,2959,17/49,-
2026-04-14,https://min-repo.com/3041247/,9,50,3618,21/49,100.5%
2026-04-14,https://min-repo.com/3041247/,ゾロ目 (下二桁),-,3172,14/49,-
2026-04-15,https://min-repo.com/3043441/,0,55,4365,21/49,100.4%
2026-04-15,https://min-repo.com/3043441/,1,19,4140,19/49,100.2%
2026-04-15,https://min-repo.com/3043441/,2,-,4165,17/49,-
2026-04-15,https://min-repo.com/3043441/,3,-,3918,18/49,-
2026-04-15,https://min-repo.com/3043441/,4,-,3810,17/48,-
2026-04-15,https://min-repo.com/3043441/,5,-,4020,12/49,-
2026-04-15,https://min-repo.com/3043441/,6,161,4565,21/49,101.2%
2026-04-15,https://min-repo.com/3043441/,7,-,3941,14/49,-
2026-04-15,https://min-repo.com/3043441/,8,-,4084,16/49,-
2026-04-15,https://min-repo.com/3043441/,9,-,3728,16/49,-
2026-04-15,https://min-repo.com/3043441/,ゾロ目 (下二桁),31,4048,18/49,100.3%
2026-04-16,https://min-repo.com/3045319/,0,-,4393,12/49,-
2026-04-16,https://min-repo.com/3045319/,1,-,4580,16/49,-
2026-04-16,https://min-repo.com/3045319/,2,-,3947,18/49,-
2026-04-16,https://min-repo.com/3045319/,3,25,4077,19/49,100.2%
2026-04-16,https://min-repo.com/3045319/,4,-,4536,14/48,-
2026-04-16,https://min-repo.com/3045319/,5,-,4333,19/49,-
2026-04-16,https://min-repo.com/3045319/,6,-,4244,14/49,-
2026-04-16,https://min-repo.com/3045319/,7,171,4174,18/49,101.4%
2026-04-16,https://min-repo.com/3045319/,8,-,3822,14/49,-
2026-04-16,https://min-repo.com/3045319/,9,-,3849,16/49,-
2026-04-16,https://min-repo.com/3045319/,ゾロ目 (下二桁),-,3973,10/49,-
2026-04-17,https://min-repo.com/3047543/,0,323,4587,23/49,102.3%
2026-04-17,https://min-repo.com/3047543/,1,-,3851,7/49,-
2026-04-17,https://min-repo.com/3047543/,2,14,3965,19/49,100.1%
2026-04-17,https://min-repo.com/3047543/,3,-,4328,17/49,-
2026-04-17,https://min-repo.com/3047543/,4,-,4647,17/48,-
2026-04-17,https://min-repo.com/3047543/,5,330,4577,25/49,102.4%
2026-04-17,https://min-repo.com/3047543/,6,-,4232,19/49,-
2026-04-17,https://min-repo.com/3047543/,7,-,4227,15/49,-
2026-04-17,https://min-repo.com/3047543/,8,176,4192,20/49,101.4%
2026-04-17,https://min-repo.com/3047543/,9,-,3934,18/49,-
2026-04-17,https://min-repo.com/3047543/,ゾロ目 (下二桁),-,4231,19/49,-
2026-04-18,https://min-repo.com/3049656/,0,-,5173,16/49,-
2026-04-18,https://min-repo.com/3049656/,1,-,5402,17/49,-
2026-04-18,https://min-repo.com/3049656/,2,-,5001,16/49,-
2026-04-18,https://min-repo.com/3049656/,3,15,4809,20/49,100.1%
2026-04-18,https://min-repo.com/3049656/,4,-,4785,20/48,-
2026-04-18,https://min-repo.com/3049656/,5,-,5172,20/49,-
2026-04-18,https://min-repo.com/3049656/,6,-,5136,14/49,-
2026-04-18,https://min-repo.com/3049656/,7,348,4649,23/49,102.5%
2026-04-18,https://min-repo.com/3049656/,8,-,5409,17/49,-
2026-04-18,https://min-repo.com/3049656/,9,-,5130,19/49,-
2026-04-18,https://min-repo.com/3049656/,ゾロ目 (下二桁),-,4985,16/49,-
2026-04-19,https://min-repo.com/3051453/,0,-,5145,16/49,-
2026-04-19,https://min-repo.com/3051453/,1,-,4549,13/49,-
2026-04-19,https://min-repo.com/3051453/,2,-,4849,19/49,-
2026-04-19,https://min-repo.com/3051453/,3,-,4813,14/49,-
2026-04-19,https://min-repo.com/3051453/,4,-,4813,13/48,-
2026-04-19,https://min-repo.com/3051453/,5,142,5087,21/49,100.9%
2026-04-19,https://min-repo.com/3051453/,6,1123,5146,23/49,107.3%
2026-04-19,https://min-repo.com/3051453/,7,-,5013,18/49,-
2026-04-19,https://min-repo.com/3051453/,8,-,4903,18/49,-
2026-04-19,https://min-repo.com/3051453/,9,226,4654,21/49,101.6%
2026-04-19,https://min-repo.com/3051453/,ゾロ目 (下二桁),-,4646,17/49,-
2026-04-20,https://min-repo.com/3053498/,0,-,3651,15/49,-
2026-04-20,https://min-repo.com/3053498/,1,-,3648,17/49,-
2026-04-20,https://min-repo.com/3053498/,2,-,3391,16/49,-
2026-04-20,https://min-repo.com/3053498/,3,-,4135,22/49,-
2026-04-20,https://min-repo.com/3053498/,4,62,3259,18/48,100.6%
2026-04-20,https://min-repo.com/3053498/,5,-,3935,19/49,-
2026-04-20,https://min-repo.com/3053498/,6,-,3719,17/49,-
2026-04-20,https://min-repo.com/3053498/,7,-,3276,15/49,-
2026-04-20,https://min-repo.com/3053498/,8,375,4166,24/49,103%
2026-04-20,https://min-repo.com/3053498/,9,-,3445,17/49,-
2026-04-20,https://min-repo.com/3053498/,ゾロ目 (下二桁),-,3749,13/49,-
2026-04-21,https://min-repo.com/3055654/,0,-,3570,13/49,-
2026-04-21,https://min-repo.com/3055654/,1,-,3349,17/49,-
2026-04-21,https://min-repo.com/3055654/,2,-,3710,16/49,-
2026-04-21,https://min-repo.com/3055654/,3,228,3846,19/49,102%
2026-04-21,https://min-repo.com/3055654/,4,-,3458,19/48,-
2026-04-21,https://min-repo.com/3055654/,5,-,3727,14/49,-
2026-04-21,https://min-repo.com/3055654/,6,69,3997,18/49,100.6%
2026-04-21,https://min-repo.com/3055654/,7,-,3193,13/49,-
2026-04-21,https://min-repo.com/3055654/,8,-,3810,15/49,-
2026-04-21,https://min-repo.com/3055654/,9,-,3739,12/49,-
2026-04-21,https://min-repo.com/3055654/,ゾロ目 (下二桁),-,3204,9/49,-
2026-04-22,https://min-repo.com/3057168/,0,-,5115,15/49,-
2026-04-22,https://min-repo.com/3057168/,1,-,4430,16/49,-
2026-04-22,https://min-repo.com/3057168/,2,621,5215,23/49,104%
2026-04-22,https://min-repo.com/3057168/,3,-,4715,17/49,-
2026-04-22,https://min-repo.com/3057168/,4,-,5060,15/48,-
2026-04-22,https://min-repo.com/3057168/,5,203,5360,19/49,101.3%
2026-04-22,https://min-repo.com/3057168/,6,-,5085,16/49,-
2026-04-22,https://min-repo.com/3057168/,7,-,4872,16/49,-
2026-04-22,https://min-repo.com/3057168/,8,-,4887,16/49,-
2026-04-22,https://min-repo.com/3057168/,9,-,4803,18/49,-
2026-04-22,https://min-repo.com/3057168/,ゾロ目 (下二桁),1084,6774,23/49,105.3%
2026-04-23,https://min-repo.com/3059297/,0,577,4086,20/49,104.7%
2026-04-23,https://min-repo.com/3059297/,1,-,3697,16/49,-
2026-04-23,https://min-repo.com/3059297/,2,-,3225,20/49,-
2026-04-23,https://min-repo.com/3059297/,3,-,3857,13/49,-
2026-04-23,https://min-repo.com/3059297/,4,-,3464,11/48,-
2026-04-23,https://min-repo.com/3059297/,5,-,3776,17/49,-
2026-04-23,https://min-repo.com/3059297/,6,-,3614,18/49,-
2026-04-23,https://min-repo.com/3059297/,7,-,3693,15/49,-
2026-04-23,https://min-repo.com/3059297/,8,-,3451,19/49,-
2026-04-23,https://min-repo.com/3059297/,9,110,3500,20/49,101%
2026-04-23,https://min-repo.com/3059297/,ゾロ目 (下二桁),-,3311,18/49,-
2026-04-24,https://min-repo.com/3061608/,0,-,5856,16/49,-
2026-04-24,https://min-repo.com/3061608/,1,-,5851,15/49,-
2026-04-24,https://min-repo.com/3061608/,2,-,5514,20/49,-
2026-04-24,https://min-repo.com/3061608/,3,25,5841,21/49,100.1%
2026-04-24,https://min-repo.com/3061608/,4,-,5786,15/48,-
2026-04-24,https://min-repo.com/3061608/,5,116,6132,19/49,100.6%
2026-04-24,https://min-repo.com/3061608/,6,-,5608,16/49,-
2026-04-24,https://min-repo.com/3061608/,7,-,5653,20/49,-
2026-04-24,https://min-repo.com/3061608/,8,-,6131,16/49,-
2026-04-24,https://min-repo.com/3061608/,9,34,5742,18/49,100.2%
2026-04-24,https://min-repo.com/3061608/,ゾロ目 (下二桁),-,5905,14/49,-
2026-04-25,https://min-repo.com/3063232/,0,-,6733,22/49,-
2026-04-25,https://min-repo.com/3063232/,1,-,6563,15/49,-
2026-04-25,https://min-repo.com/3063232/,2,-,6604,20/49,-
2026-04-25,https://min-repo.com/3063232/,3,-,6094,19/49,-
2026-04-25,https://min-repo.com/3063232/,4,-,6678,18/48,-
2026-04-25,https://min-repo.com/3063232/,5,-,6789,16/49,-
2026-04-25,https://min-repo.com/3063232/,6,-,6987,21/49,-
2026-04-25,https://min-repo.com/3063232/,7,-,6553,19/49,-
2026-04-25,https://min-repo.com/3063232/,8,-,6500,20/49,-
2026-04-25,https://min-repo.com/3063232/,9,71,6775,22/49,100.3%
2026-04-25,https://min-repo.com/3063232/,ゾロ目 (下二桁),-,6678,24/49,-
2026-04-26,https://min-repo.com/3065404/,0,-,5305,18/49,-
2026-04-26,https://min-repo.com/3065404/,1,337,5341,19/49,102.1%
2026-04-26,https://min-repo.com/3065404/,2,422,5183,26/49,102.7%
2026-04-26,https://min-repo.com/3065404/,3,448,5444,21/49,102.7%
2026-04-26,https://min-repo.com/3065404/,4,-,4978,12/48,-
2026-04-26,https://min-repo.com/3065404/,5,-,4990,19/49,-
2026-04-26,https://min-repo.com/3065404/,6,-,5518,19/49,-
2026-04-26,https://min-repo.com/3065404/,7,-,5263,18/49,-
2026-04-26,https://min-repo.com/3065404/,8,-,5024,17/49,-
2026-04-26,https://min-repo.com/3065404/,9,-,5419,19/49,-
2026-04-26,https://min-repo.com/3065404/,ゾロ目 (下二桁),-,4912,19/49,-
2026-04-27,https://min-repo.com/3067474/,0,-,4502,17/49,-
2026-04-27,https://min-repo.com/3067474/,1,-,4589,20/49,-
2026-04-27,https://min-repo.com/3067474/,2,-,4366,20/49,-
2026-04-27,https://min-repo.com/3067474/,3,336,4025,21/49,102.8%
2026-04-27,https://min-repo.com/3067474/,4,71,4749,22/48,100.5%
2026-04-27,https://min-repo.com/3067474/,5,-,4369,12/49,-
2026-04-27,https://min-repo.com/3067474/,6,-,4749,18/49,-
2026-04-27,https://min-repo.com/3067474/,7,643,4324,21/49,105%
2026-04-27,https://min-repo.com/3067474/,8,-,4678,24/49,-
2026-04-27,https://min-repo.com/3067474/,9,-,4603,17/49,-
2026-04-27,https://min-repo.com/3067474/,ゾロ目 (下二桁),169,4299,18/49,101.3%
2026-04-28,https://min-repo.com/3069476/,0,-,4396,18/49,-
2026-04-28,https://min-repo.com/3069476/,1,-,4153,16/49,-
2026-04-28,https://min-repo.com/3069476/,2,-,3773,17/49,-
2026-04-28,https://min-repo.com/3069476/,3,313,4002,21/49,102.6%
2026-04-28,https://min-repo.com/3069476/,4,65,4514,22/48,100.5%
2026-04-28,https://min-repo.com/3069476/,5,-,4387,16/49,-
2026-04-28,https://min-repo.com/3069476/,6,-,4732,13/49,-
2026-04-28,https://min-repo.com/3069476/,7,240,4065,17/49,102%
2026-04-28,https://min-repo.com/3069476/,8,60,4469,20/49,100.5%
2026-04-28,https://min-repo.com/3069476/,9,369,4054,27/49,103%
2026-04-28,https://min-repo.com/3069476/,ゾロ目 (下二桁),652,4518,25/49,104.8%
2026-04-29,https://min-repo.com/3071580/,0,-,5522,14/49,-
2026-04-29,https://min-repo.com/3071580/,1,-,5525,15/49,-
2026-04-29,https://min-repo.com/3071580/,2,94,5196,24/49,100.6%
2026-04-29,https://min-repo.com/3071580/,3,-,4837,20/49,-
2026-04-29,https://min-repo.com/3071580/,4,-,5209,18/48,-
2026-04-29,https://min-repo.com/3071580/,5,68,5719,16/49,100.4%
2026-04-29,https://min-repo.com/3071580/,6,-,4985,15/49,-
2026-04-29,https://min-repo.com/3071580/,7,-,5436,22/49,-
2026-04-29,https://min-repo.com/3071580/,8,-,5015,15/49,-
2026-04-29,https://min-repo.com/3071580/,9,-,4969,16/49,-
2026-04-29,https://min-repo.com/3071580/,ゾロ目 (下二桁),80,4903,15/49,100.5%
2026-04-30,https://min-repo.com/3074731/,0,-,4340,18/49,-
2026-04-30,https://min-repo.com/3074731/,1,-,4126,13/49,-
2026-04-30,https://min-repo.com/3074731/,2,-,4476,19/49,-
2026-04-30,https://min-repo.com/3074731/,3,194,4634,18/49,101.4%
2026-04-30,https://min-repo.com/3074731/,4,-,4799,20/48,-
2026-04-30,https://min-repo.com/3074731/,5,-,4391,13/49,-
2026-04-30,https://min-repo.com/3074731/,6,-,4989,18/49,-
2026-04-30,https://min-repo.com/3074731/,7,-,4522,17/49,-
2026-04-30,https://min-repo.com/3074731/,8,300,4995,24/49,102%
2026-04-30,https://min-repo.com/3074731/,9,-,4529,17/49,-
2026-04-30,https://min-repo.com/3074731/,ゾロ目 (下二桁),100,4395,20/49,100.8%
2026-05-01,https://min-repo.com/3075748/,0,13,5594,20/49,100.1%
2026-05-01,https://min-repo.com/3075748/,1,-,5291,15/49,-
2026-05-01,https://min-repo.com/3075748/,2,-,5365,21/49,-
2026-05-01,https://min-repo.com/3075748/,3,-,5760,15/49,-
2026-05-01,https://min-repo.com/3075748/,4,6,5787,25/48,100%
2026-05-01,https://min-repo.com/3075748/,5,141,5332,19/49,100.9%
2026-05-01,https://min-repo.com/3075748/,6,110,5501,18/49,100.7%
2026-05-01,https://min-repo.com/3075748/,7,-,5489,22/49,-
2026-05-01,https://min-repo.com/3075748/,8,-,6139,19/49,-
2026-05-01,https://min-repo.com/3075748/,9,-,5685,22/49,-
2026-05-01,https://min-repo.com/3075748/,ゾロ目 (下二桁),-,5883,24/49,-
2026-05-02,https://min-repo.com/3077735/,0,-,5569,18/49,-
2026-05-02,https://min-repo.com/3077735/,1,-,5276,17/49,-
2026-05-02,https://min-repo.com/3077735/,2,-,4963,11/49,-
2026-05-02,https://min-repo.com/3077735/,3,-,5285,22/49,-
2026-05-02,https://min-repo.com/3077735/,4,-,5173,14/48,-
2026-05-02,https://min-repo.com/3077735/,5,-,5657,13/49,-
2026-05-02,https://min-repo.com/3077735/,6,-,5455,17/49,-
2026-05-02,https://min-repo.com/3077735/,7,-,5190,13/49,-
2026-05-02,https://min-repo.com/3077735/,8,-,5457,14/49,-
2026-05-02,https://min-repo.com/3077735/,9,-,5234,19/49,-
2026-05-02,https://min-repo.com/3077735/,ゾロ目 (下二桁),-,5086,13/49,-
2026-05-03,https://min-repo.com/3079560/,0,-,5290,21/49,-
2026-05-03,https://min-repo.com/3079560/,1,-,4860,16/49,-
2026-05-03,https://min-repo.com/3079560/,2,-,4849,18/49,-
2026-05-03,https://min-repo.com/3079560/,3,-,4943,9/49,-
2026-05-03,https://min-repo.com/3079560/,4,124,5123,21/48,100.8%
2026-05-03,https://min-repo.com/3079560/,5,-,5032,15/49,-
2026-05-03,https://min-repo.com/3079560/,6,-,5168,17/49,-
2026-05-03,https://min-repo.com/3079560/,7,-,4858,18/49,-
2026-05-03,https://min-repo.com/3079560/,8,-,5184,15/49,-
2026-05-03,https://min-repo.com/3079560/,9,-,5064,10/49,-
2026-05-03,https://min-repo.com/3079560/,ゾロ目 (下二桁),-,5334,21/49,-
2026-05-04,https://min-repo.com/3081800/,0,-,5385,17/49,-
2026-05-04,https://min-repo.com/3081800/,1,-,5063,22/49,-
2026-05-04,https://min-repo.com/3081800/,2,-,5181,17/49,-
2026-05-04,https://min-repo.com/3081800/,3,-,5153,18/49,-
2026-05-04,https://min-repo.com/3081800/,4,-,4873,18/48,-
2026-05-04,https://min-repo.com/3081800/,5,-,5449,17/49,-
2026-05-04,https://min-repo.com/3081800/,6,-,5089,16/49,-
2026-05-04,https://min-repo.com/3081800/,7,-,5092,9/49,-
2026-05-04,https://min-repo.com/3081800/,8,-,5418,19/49,-
2026-05-04,https://min-repo.com/3081800/,9,-,5169,22/49,-
2026-05-04,https://min-repo.com/3081800/,ゾロ目 (下二桁),-,5144,17/49,-
2026-05-05,https://min-repo.com/3083690/,0,-,7143,20/49,-
2026-05-05,https://min-repo.com/3083690/,1,-,6678,16/49,-
2026-05-05,https://min-repo.com/3083690/,2,-,7065,19/49,-
2026-05-05,https://min-repo.com/3083690/,3,101,7202,25/49,100.5%
2026-05-05,https://min-repo.com/3083690/,4,-,6800,15/48,-
2026-05-05,https://min-repo.com/3083690/,5,128,7417,23/49,100.6%
2026-05-05,https://min-repo.com/3083690/,6,-,6885,21/49,-
2026-05-05,https://min-repo.com/3083690/,7,283,6972,26/49,101.4%
2026-05-05,https://min-repo.com/3083690/,8,394,7154,23/49,101.8%
2026-05-05,https://min-repo.com/3083690/,9,-,7266,23/49,-
2026-05-05,https://min-repo.com/3083690/,ゾロ目 (下二桁),487,7745,23/49,102.1%
2026-05-06,https://min-repo.com/3085922/,0,-,4866,16/49,-
2026-05-06,https://min-repo.com/3085922/,1,-,5424,20/49,-
2026-05-06,https://min-repo.com/3085922/,2,-,5402,13/49,-
2026-05-06,https://min-repo.com/3085922/,3,202,5412,21/49,101.2%
2026-05-06,https://min-repo.com/3085922/,4,-,4907,17/48,-
2026-05-06,https://min-repo.com/3085922/,5,-,5042,15/49,-
2026-05-06,https://min-repo.com/3085922/,6,-,5255,13/49,-
2026-05-06,https://min-repo.com/3085922/,7,-,5333,15/49,-
2026-05-06,https://min-repo.com/3085922/,8,-,4663,18/49,-
2026-05-06,https://min-repo.com/3085922/,9,-,5637,20/49,-
2026-05-06,https://min-repo.com/3085922/,ゾロ目 (下二桁),-,5223,13/49,-
2026-05-07,https://min-repo.com/3088013/,0,-,4899,20/49,-
2026-05-07,https://min-repo.com/3088013/,1,-,4818,19/49,-
2026-05-07,https://min-repo.com/3088013/,2,313,4750,20/49,102.2%
2026-05-07,https://min-repo.com/3088013/,3,279,5001,23/49,101.9%
2026-05-07,https://min-repo.com/3088013/,4,-,4631,16/48,-
2026-05-07,https://min-repo.com/3088013/,5,-,5278,16/49,-
2026-05-07,https://min-repo.com/3088013/,6,-,5045,15/49,-
2026-05-07,https://min-repo.com/3088013/,7,626,5500,25/49,103.8%
2026-05-07,https://min-repo.com/3088013/,8,-,4673,17/49,-
2026-05-07,https://min-repo.com/3088013/,9,34,5020,22/49,100.2%
2026-05-07,https://min-repo.com/3088013/,ゾロ目 (下二桁),-,5038,21/49,-
2026-05-08,https://min-repo.com/3090118/,0,250,4994,25/49,101.7%
2026-05-08,https://min-repo.com/3090118/,1,-,4654,22/49,-
2026-05-08,https://min-repo.com/3090118/,2,-,4072,15/49,-
2026-05-08,https://min-repo.com/3090118/,3,-,4296,19/49,-
2026-05-08,https://min-repo.com/3090118/,4,-,4247,17/48,-
2026-05-08,https://min-repo.com/3090118/,5,-,4533,18/49,-
2026-05-08,https://min-repo.com/3090118/,6,377,4927,28/49,102.6%
2026-05-08,https://min-repo.com/3090118/,7,108,4396,23/49,100.8%
2026-05-08,https://min-repo.com/3090118/,8,491,4885,23/49,103.4%
2026-05-08,https://min-repo.com/3090118/,9,309,4767,20/49,102.2%
2026-05-08,https://min-repo.com/3090118/,ゾロ目 (下二桁),-,4676,22/49,-
2026-05-09,https://min-repo.com/3092012/,0,-,5253,15/49,-
2026-05-09,https://min-repo.com/3092012/,1,-,5002,18/49,-
2026-05-09,https://min-repo.com/3092012/,2,-,5161,25/49,-
2026-05-09,https://min-repo.com/3092012/,3,108,5243,20/49,100.7%
2026-05-09,https://min-repo.com/3092012/,4,-,5193,15/48,-
2026-05-09,https://min-repo.com/3092012/,5,-,5411,17/49,-
2026-05-09,https://min-repo.com/3092012/,6,-,5324,19/49,-
2026-05-09,https://min-repo.com/3092012/,7,401,4956,24/49,102.7%
2026-05-09,https://min-repo.com/3092012/,8,-,5343,17/49,-
2026-05-09,https://min-repo.com/3092012/,9,-,5423,20/49,-
2026-05-09,https://min-repo.com/3092012/,ゾロ目 (下二桁),205,5332,20/49,101.3%
2026-05-10,https://min-repo.com/3094166/,0,-,5147,14/49,-
2026-05-10,https://min-repo.com/3094166/,1,-,5093,12/49,-
2026-05-10,https://min-repo.com/3094166/,2,-,4787,15/49,-
2026-05-10,https://min-repo.com/3094166/,3,-,5309,17/49,-
2026-05-10,https://min-repo.com/3094166/,4,882,4614,27/48,106.4%
2026-05-10,https://min-repo.com/3094166/,5,-,4861,16/49,-
2026-05-10,https://min-repo.com/3094166/,6,-,5217,19/49,-
2026-05-10,https://min-repo.com/3094166/,7,-,4455,15/49,-
2026-05-10,https://min-repo.com/3094166/,8,-,4980,19/49,-
2026-05-10,https://min-repo.com/3094166/,9,-,4634,15/49,-
2026-05-10,https://min-repo.com/3094166/,ゾロ目 (下二桁),94,4811,15/49,100.6%
2026-05-11,https://min-repo.com/3095976/,0,260,4763,18/49,101.8%
2026-05-11,https://min-repo.com/3095976/,1,-,4958,15/49,-
2026-05-11,https://min-repo.com/3095976/,2,-,4655,13/49,-
2026-05-11,https://min-repo.com/3095976/,3,205,4327,18/49,101.6%
2026-05-11,https://min-repo.com/3095976/,4,-,5111,19/48,-
2026-05-11,https://min-repo.com/3095976/,5,404,5585,23/49,102.4%
2026-05-11,https://min-repo.com/3095976/,6,232,4997,17/49,101.6%
2026-05-11,https://min-repo.com/3095976/,7,127,4838,22/49,100.9%
2026-05-11,https://min-repo.com/3095976/,8,747,5020,25/49,105%
2026-05-11,https://min-repo.com/3095976/,9,609,5178,23/49,103.9%
2026-05-11,https://min-repo.com/3095976/,ゾロ目 (下二桁),1996,7244,31/49,109.2%
2026-05-12,https://min-repo.com/3098112/,0,-,3632,14/49,-
2026-05-12,https://min-repo.com/3098112/,1,-,3208,14/49,-
2026-05-12,https://min-repo.com/3098112/,2,-,3895,11/49,-
2026-05-12,https://min-repo.com/3098112/,3,-,3281,17/49,-
2026-05-12,https://min-repo.com/3098112/,4,-,3416,20/48,-
2026-05-12,https://min-repo.com/3098112/,5,93,3355,19/49,100.9%
2026-05-12,https://min-repo.com/3098112/,6,311,4297,27/49,102.4%
2026-05-12,https://min-repo.com/3098112/,7,-,3785,22/49,-
2026-05-12,https://min-repo.com/3098112/,8,-,4041,19/49,-
2026-05-12,https://min-repo.com/3098112/,9,-,3797,18/49,-
2026-05-12,https://min-repo.com/3098112/,ゾロ目 (下二桁),-,3701,17/49,-
2026-05-13,https://min-repo.com/3100180/,0,-,3504,13/49,-
2026-05-13,https://min-repo.com/3100180/,1,147,3879,20/49,101.3%
2026-05-13,https://min-repo.com/3100180/,2,-,3877,16/49,-
2026-05-13,https://min-repo.com/3100180/,3,-,4593,17/49,-
2026-05-13,https://min-repo.com/3100180/,4,-,3973,16/48,-
2026-05-13,https://min-repo.com/3100180/,5,-,3610,12/49,-
2026-05-13,https://min-repo.com/3100180/,6,-,4044,23/49,-
2026-05-13,https://min-repo.com/3100180/,7,-,3735,13/49,-
2026-05-13,https://min-repo.com/3100180/,8,-,3702,12/49,-
2026-05-13,https://min-repo.com/3100180/,9,-,3725,8/49,-
2026-05-13,https://min-repo.com/3100180/,ゾロ目 (下二桁),-,3851,17/49,-
2026-05-14,https://min-repo.com/3102032/,0,-,3049,12/49,-
2026-05-14,https://min-repo.com/3102032/,1,-,3572,19/49,-
2026-05-14,https://min-repo.com/3102032/,2,-,3310,17/49,-
2026-05-14,https://min-repo.com/3102032/,3,-,3162,15/49,-
2026-05-14,https://min-repo.com/3102032/,4,-,3025,14/48,-
2026-05-14,https://min-repo.com/3102032/,5,-,3739,21/49,-
2026-05-14,https://min-repo.com/3102032/,6,-,3293,14/49,-
2026-05-14,https://min-repo.com/3102032/,7,-,3281,21/49,-
2026-05-14,https://min-repo.com/3102032/,8,405,3531,22/49,103.8%
2026-05-14,https://min-repo.com/3102032/,9,-,3638,15/49,-
2026-05-14,https://min-repo.com/3102032/,ゾロ目 (下二桁),-,3496,16/49,-
2026-05-15,https://min-repo.com/3103987/,0,-,4672,15/49,-
2026-05-15,https://min-repo.com/3103987/,1,-,4376,17/49,-
2026-05-15,https://min-repo.com/3103987/,2,272,4382,21/49,102.1%
2026-05-15,https://min-repo.com/3103987/,3,77,4735,24/49,100.5%
2026-05-15,https://min-repo.com/3103987/,4,-,4375,18/48,-
2026-05-15,https://min-repo.com/3103987/,5,-,5226,24/49,-
2026-05-15,https://min-repo.com/3103987/,6,-,4109,13/49,-
2026-05-15,https://min-repo.com/3103987/,7,-,4237,18/49,-
2026-05-15,https://min-repo.com/3103987/,8,-,4716,17/49,-
2026-05-15,https://min-repo.com/3103987/,9,-,4393,18/49,-
2026-05-15,https://min-repo.com/3103987/,ゾロ目 (下二桁),86,4702,21/49,100.6%
2026-05-16,https://min-repo.com/3106140/,0,-,5420,19/49,-
2026-05-16,https://min-repo.com/3106140/,1,-,5447,21/49,-
2026-05-16,https://min-repo.com/3106140/,2,-,5038,21/49,-
2026-05-16,https://min-repo.com/3106140/,3,-,5243,18/49,-
2026-05-16,https://min-repo.com/3106140/,4,-,5362,21/48,-
2026-05-16,https://min-repo.com/3106140/,5,-,4871,16/49,-
2026-05-16,https://min-repo.com/3106140/,6,-,4832,14/49,-
2026-05-16,https://min-repo.com/3106140/,7,-,5113,17/49,-
2026-05-16,https://min-repo.com/3106140/,8,536,5492,23/49,103.3%
2026-05-16,https://min-repo.com/3106140/,9,311,4893,15/49,102.1%
2026-05-16,https://min-repo.com/3106140/,ゾロ目 (下二桁),-,4654,17/49,-
2026-05-17,https://min-repo.com/3108200/,0,-,4827,12/49,-
2026-05-17,https://min-repo.com/3108200/,1,-,5165,21/49,-
2026-05-17,https://min-repo.com/3108200/,2,-,5115,19/49,-
2026-05-17,https://min-repo.com/3108200/,3,128,4777,16/49,100.9%
2026-05-17,https://min-repo.com/3108200/,4,-,5133,18/48,-
2026-05-17,https://min-repo.com/3108200/,5,-,4862,15/49,-
2026-05-17,https://min-repo.com/3108200/,6,-,5596,17/49,-
2026-05-17,https://min-repo.com/3108200/,7,79,5089,21/49,100.5%
2026-05-17,https://min-repo.com/3108200/,8,-,5111,19/49,-
2026-05-17,https://min-repo.com/3108200/,9,-,4922,14/49,-
2026-05-17,https://min-repo.com/3108200/,ゾロ目 (下二桁),-,4272,12/49,-
2026-05-18,https://min-repo.com/3110289/,0,-,3376,15/49,-
2026-05-18,https://min-repo.com/3110289/,1,360,3441,20/49,103.5%
2026-05-18,https://min-repo.com/3110289/,2,206,3087,20/49,102.2%
2026-05-18,https://min-repo.com/3110289/,3,-,2908,12/49,-
2026-05-18,https://min-repo.com/3110289/,4,-,3040,17/48,-
2026-05-18,https://min-repo.com/3110289/,5,235,3305,18/49,102.4%
2026-05-18,https://min-repo.com/3110289/,6,-,3865,17/49,-
2026-05-18,https://min-repo.com/3110289/,7,-,2540,11/49,-
2026-05-18,https://min-repo.com/3110289/,8,40,3468,20/49,100.4%
2026-05-18,https://min-repo.com/3110289/,9,-,3246,11/49,-
2026-05-18,https://min-repo.com/3110289/,ゾロ目 (下二桁),-,2967,14/49,-
2026-05-19,https://min-repo.com/3112242/,0,219,3610,21/49,102%
2026-05-19,https://min-repo.com/3112242/,1,-,3814,16/49,-
2026-05-19,https://min-repo.com/3112242/,2,305,3329,23/49,103.1%
2026-05-19,https://min-repo.com/3112242/,3,-,3540,16/49,-
2026-05-19,https://min-repo.com/3112242/,4,-,3189,15/48,-
2026-05-19,https://min-repo.com/3112242/,5,-,3370,20/49,-
2026-05-19,https://min-repo.com/3112242/,6,-,3354,18/49,-
2026-05-19,https://min-repo.com/3112242/,7,-,3405,16/49,-
2026-05-19,https://min-repo.com/3112242/,8,-,3014,12/49,-
2026-05-19,https://min-repo.com/3112242/,9,-,3760,17/49,-
2026-05-19,https://min-repo.com/3112242/,ゾロ目 (下二桁),44,3374,15/49,100.4%
2026-05-20,https://min-repo.com/3114365/,0,-,3454,12/49,-
2026-05-20,https://min-repo.com/3114365/,1,-,3612,15/49,-
2026-05-20,https://min-repo.com/3114365/,2,513,3624,23/49,104.7%
2026-05-20,https://min-repo.com/3114365/,3,-,3724,20/49,-
2026-05-20,https://min-repo.com/3114365/,4,-,3412,11/48,-
2026-05-20,https://min-repo.com/3114365/,5,-,3672,14/49,-
2026-05-20,https://min-repo.com/3114365/,6,207,4242,22/49,101.6%
2026-05-20,https://min-repo.com/3114365/,7,-,3756,17/49,-
2026-05-20,https://min-repo.com/3114365/,8,-,3552,16/49,-
2026-05-20,https://min-repo.com/3114365/,9,367,3947,22/49,103.1%
2026-05-20,https://min-repo.com/3114365/,ゾロ目 (下二桁),192,3879,20/49,101.6%
2026-05-21,https://min-repo.com/3116294/,0,-,3144,15/49,-
2026-05-21,https://min-repo.com/3116294/,1,-,3022,20/49,-
2026-05-21,https://min-repo.com/3116294/,2,32,3168,25/49,100.3%
2026-05-21,https://min-repo.com/3116294/,3,-,3167,19/49,-
2026-05-21,https://min-repo.com/3116294/,4,75,2709,17/48,100.9%
2026-05-21,https://min-repo.com/3116294/,5,135,3306,21/49,101.4%
2026-05-21,https://min-repo.com/3116294/,6,-,3208,16/49,-
2026-05-21,https://min-repo.com/3116294/,7,160,3184,21/49,101.7%
2026-05-21,https://min-repo.com/3116294/,8,-,3476,19/49,-
2026-05-21,https://min-repo.com/3116294/,9,-,2934,13/49,-
2026-05-21,https://min-repo.com/3116294/,ゾロ目 (下二桁),-,3079,19/49,-
2026-05-22,https://min-repo.com/3118203/,0,-,5185,13/49,-
2026-05-22,https://min-repo.com/3118203/,1,-,5265,22/49,-
2026-05-22,https://min-repo.com/3118203/,2,30,5706,24/49,100.2%
2026-05-22,https://min-repo.com/3118203/,3,438,5425,17/49,102.7%
2026-05-22,https://min-repo.com/3118203/,4,-,5557,24/48,-
2026-05-22,https://min-repo.com/3118203/,5,-,5178,15/49,-
2026-05-22,https://min-repo.com/3118203/,6,570,5732,22/49,103.3%
2026-05-22,https://min-repo.com/3118203/,7,833,5318,30/49,105.2%
2026-05-22,https://min-repo.com/3118203/,8,-,5693,18/49,-
2026-05-22,https://min-repo.com/3118203/,9,-,5716,22/49,-
2026-05-22,https://min-repo.com/3118203/,ゾロ目 (下二桁),1559,7334,31/49,107.1%
2026-05-23,https://min-repo.com/3120261/,0,-,5099,15/49,-
2026-05-23,https://min-repo.com/3120261/,1,-,5344,14/49,-
2026-05-23,https://min-repo.com/3120261/,2,-,4534,17/49,-
2026-05-23,https://min-repo.com/3120261/,3,-,4935,11/49,-
2026-05-23,https://min-repo.com/3120261/,4,-,5033,20/48,-
2026-05-23,https://min-repo.com/3120261/,5,-,4951,18/49,-
2026-05-23,https://min-repo.com/3120261/,6,-,5125,15/49,-
2026-05-23,https://min-repo.com/3120261/,7,-,4682,14/49,-
2026-05-23,https://min-repo.com/3120261/,8,-,4692,19/49,-
2026-05-23,https://min-repo.com/3120261/,9,-,4550,10/49,-
2026-05-23,https://min-repo.com/3120261/,ゾロ目 (下二桁),-,4847,15/49,-
2026-05-24,https://min-repo.com/3122436/,0,108,6105,19/49,100.6%
2026-05-24,https://min-repo.com/3122436/,1,288,6397,20/49,101.5%
2026-05-24,https://min-repo.com/3122436/,2,-,6417,19/49,-
2026-05-24,https://min-repo.com/3122436/,3,9,6337,25/49,100%
2026-05-24,https://min-repo.com/3122436/,4,-,6422,18/48,-
2026-05-24,https://min-repo.com/3122436/,5,-,6555,21/49,-
2026-05-24,https://min-repo.com/3122436/,6,-,6128,26/49,-
2026-05-24,https://min-repo.com/3122436/,7,-,6254,20/49,-
2026-05-24,https://min-repo.com/3122436/,8,-,6303,24/49,-
2026-05-24,https://min-repo.com/3122436/,9,-,6141,17/49,-
2026-05-24,https://min-repo.com/3122436/,ゾロ目 (下二桁),-,6239,16/49,-
2026-05-25,https://min-repo.com/3124276/,0,-,4861,18/49,-
2026-05-25,https://min-repo.com/3124276/,1,95,4371,17/49,100.7%
2026-05-25,https://min-repo.com/3124276/,2,-,4532,18/49,-
2026-05-25,https://min-repo.com/3124276/,3,202,4678,21/49,101.4%
2026-05-25,https://min-repo.com/3124276/,4,197,4481,18/48,101.5%
2026-05-25,https://min-repo.com/3124276/,5,109,4707,27/49,100.8%
2026-05-25,https://min-repo.com/3124276/,6,355,4602,24/49,102.6%
2026-05-25,https://min-repo.com/3124276/,7,24,4819,23/49,100.2%
2026-05-25,https://min-repo.com/3124276/,8,276,4472,21/49,102.1%
2026-05-25,https://min-repo.com/3124276/,9,-,4571,17/49,-
2026-05-25,https://min-repo.com/3124276/,ゾロ目 (下二桁),9,4390,23/49,100.1%
2026-05-26,https://min-repo.com/3126423/,0,-,4266,18/49,-
2026-05-26,https://min-repo.com/3126423/,1,269,4109,20/49,102.2%
2026-05-26,https://min-repo.com/3126423/,2,-,3880,18/49,-
2026-05-26,https://min-repo.com/3126423/,3,-,4155,16/49,-
2026-05-26,https://min-repo.com/3126423/,4,-,3826,14/48,-
2026-05-26,https://min-repo.com/3126423/,5,-,3606,12/49,-
2026-05-26,https://min-repo.com/3126423/,6,-,4024,12/49,-
2026-05-26,https://min-repo.com/3126423/,7,-,4037,16/49,-
2026-05-26,https://min-repo.com/3126423/,8,-,3668,14/49,-
2026-05-26,https://min-repo.com/3126423/,9,193,3849,23/49,101.7%
2026-05-26,https://min-repo.com/3126423/,ゾロ目 (下二桁),-,3670,18/49,-
2026-05-27,https://min-repo.com/3128454/,0,-,4589,18/49,-
2026-05-27,https://min-repo.com/3128454/,1,-,4217,11/49,-
2026-05-27,https://min-repo.com/3128454/,2,253,4449,21/49,101.9%
2026-05-27,https://min-repo.com/3128454/,3,519,4637,22/49,103.7%
2026-05-27,https://min-repo.com/3128454/,4,-,4493,15/48,-
2026-05-27,https://min-repo.com/3128454/,5,-,3956,13/49,-
2026-05-27,https://min-repo.com/3128454/,6,-,4398,17/49,-
2026-05-27,https://min-repo.com/3128454/,7,552,4559,18/49,104%
2026-05-27,https://min-repo.com/3128454/,8,294,4041,17/49,102.4%
2026-05-27,https://min-repo.com/3128454/,9,-,4681,17/49,-
2026-05-27,https://min-repo.com/3128454/,ゾロ目 (下二桁),60,4241,21/49,100.5%
2026-05-28,https://min-repo.com/3130539/,0,-,3369,18/49,-
2026-05-28,https://min-repo.com/3130539/,1,-,3740,18/49,-
2026-05-28,https://min-repo.com/3130539/,2,-,3454,16/49,-
2026-05-28,https://min-repo.com/3130539/,3,-,3614,17/49,-
2026-05-28,https://min-repo.com/3130539/,4,-,3255,12/48,-
2026-05-28,https://min-repo.com/3130539/,5,-,3356,11/49,-
2026-05-28,https://min-repo.com/3130539/,6,-,3943,17/49,-
2026-05-28,https://min-repo.com/3130539/,7,217,3017,16/49,102.4%
2026-05-28,https://min-repo.com/3130539/,8,-,3119,13/49,-
2026-05-28,https://min-repo.com/3130539/,9,-,3554,18/49,-
2026-05-28,https://min-repo.com/3130539/,ゾロ目 (下二桁),-,3341,16/49,-
2026-05-29,https://min-repo.com/3132647/,0,-,4266,22/49,-
2026-05-29,https://min-repo.com/3132647/,1,-,3993,13/49,-
2026-05-29,https://min-repo.com/3132647/,2,365,4374,22/49,102.8%
2026-05-29,https://min-repo.com/3132647/,3,-,4053,16/49,-
2026-05-29,https://min-repo.com/3132647/,4,-,4272,20/48,-
2026-05-29,https://min-repo.com/3132647/,5,-,4092,18/49,-
2026-05-29,https://min-repo.com/3132647/,6,-,4181,15/49,-
2026-05-29,https://min-repo.com/3132647/,7,-,4195,20/49,-
2026-05-29,https://min-repo.com/3132647/,8,-,4352,18/49,-
2026-05-29,https://min-repo.com/3132647/,9,-,3874,15/49,-
2026-05-29,https://min-repo.com/3132647/,ゾロ目 (下二桁),-,4392,21/49,-
2026-05-30,https://min-repo.com/3134667/,0,-,5228,14/49,-
2026-05-30,https://min-repo.com/3134667/,1,-,5624,18/49,-
2026-05-30,https://min-repo.com/3134667/,2,-,5462,17/49,-
2026-05-30,https://min-repo.com/3134667/,3,-,5508,17/49,-
2026-05-30,https://min-repo.com/3134667/,4,-,5471,20/48,-
2026-05-30,https://min-repo.com/3134667/,5,-,5697,19/49,-
2026-05-30,https://min-repo.com/3134667/,6,-,5433,20/49,-
2026-05-30,https://min-repo.com/3134667/,7,-,5214,13/49,-
2026-05-30,https://min-repo.com/3134667/,8,233,5371,21/49,101.4%
2026-05-30,https://min-repo.com/3134667/,9,-,5401,13/49,-
2026-05-30,https://min-repo.com/3134667/,ゾロ目 (下二桁),-,4985,14/49,-
2026-05-31,https://min-repo.com/3136804/,0,-,4976,12/49,-
2026-05-31,https://min-repo.com/3136804/,1,-,5058,16/49,-
2026-05-31,https://min-repo.com/3136804/,2,-,4681,15/49,-
2026-05-31,https://min-repo.com/3136804/,3,376,4992,18/49,102.5%
2026-05-31,https://min-repo.com/3136804/,4,-,4597,20/48,-
2026-05-31,https://min-repo.com/3136804/,5,-,4741,12/49,-
2026-05-31,https://min-repo.com/3136804/,6,-,4769,18/49,-
2026-05-31,https://min-repo.com/3136804/,7,-,4673,16/49,-
2026-05-31,https://min-repo.com/3136804/,8,-,4584,15/49,-
2026-05-31,https://min-repo.com/3136804/,9,202,4937,16/49,101.4%
2026-05-31,https://min-repo.com/3136804/,ゾロ目 (下二桁),-,4535,16/49,-
2026-06-01,https://min-repo.com/3140511/,0,-,4104,15/49,-
2026-06-01,https://min-repo.com/3140511/,1,-,4606,16/49,-
2026-06-01,https://min-repo.com/3140511/,2,-,3686,17/49,-
2026-06-01,https://min-repo.com/3140511/,3,-,4346,14/49,-
2026-06-01,https://min-repo.com/3140511/,4,-,3948,15/48,-
2026-06-01,https://min-repo.com/3140511/,5,-,4238,14/49,-
2026-06-01,https://min-repo.com/3140511/,6,-,4150,14/49,-
2026-06-01,https://min-repo.com/3140511/,7,-,4302,13/49,-
2026-06-01,https://min-repo.com/3140511/,8,-,4145,15/49,-
2026-06-01,https://min-repo.com/3140511/,9,256,4117,17/49,102.1%
2026-06-01,https://min-repo.com/3140511/,ゾロ目 (下二桁),45,3914,18/49,100.4%
2026-06-02,https://min-repo.com/3140641/,0,1434,5660,6/10,108.4%
2026-06-02,https://min-repo.com/3140641/,1,2460,6926,6/11,111.8%
2026-06-02,https://min-repo.com/3140641/,2,138,6694,5/11,100.7%
2026-06-02,https://min-repo.com/3140641/,3,2386,6968,8/11,111.4%
2026-06-02,https://min-repo.com/3140641/,5,349,6038,7/11,101.9%
2026-06-02,https://min-repo.com/3140641/,6,898,6520,6/10,104.6%
2026-06-02,https://min-repo.com/3140641/,7,185,6011,6/10,101%
2026-06-02,https://min-repo.com/3140641/,8,529,5479,6/10,103.2%
2026-06-02,https://min-repo.com/3140641/,ゾロ目 (下二桁),1021,6651,8/10,105.1%
2026-06-03,https://min-repo.com/3143115/,0,88,3012,17/49,101%
2026-06-03,https://min-repo.com/3143115/,1,-,2979,16/49,-
2026-06-03,https://min-repo.com/3143115/,2,-,3127,16/49,-
2026-06-03,https://min-repo.com/3143115/,3,-,3007,19/49,-
2026-06-03,https://min-repo.com/3143115/,4,83,2883,14/48,101%
2026-06-03,https://min-repo.com/3143115/,5,-,2556,10/49,-
2026-06-03,https://min-repo.com/3143115/,6,201,3173,15/49,102.1%
2026-06-03,https://min-repo.com/3143115/,7,-,2810,16/49,-
2026-06-03,https://min-repo.com/3143115/,8,-,2623,16/49,-
2026-06-03,https://min-repo.com/3143115/,9,205,2819,23/49,102.4%
2026-06-03,https://min-repo.com/3143115/,ゾロ目 (下二桁),-,2467,17/49,-
2026-06-04,https://min-repo.com/3145000/,0,-,3922,19/49,-
2026-06-04,https://min-repo.com/3145000/,1,-,3443,16/49,-
2026-06-04,https://min-repo.com/3145000/,2,-,3377,19/49,-
2026-06-04,https://min-repo.com/3145000/,3,-,3539,20/49,-
2026-06-04,https://min-repo.com/3145000/,4,-,3114,16/48,-
2026-06-04,https://min-repo.com/3145000/,5,356,3697,21/49,103.2%
2026-06-04,https://min-repo.com/3145000/,6,125,3289,18/49,101.3%
2026-06-04,https://min-repo.com/3145000/,7,-,2988,16/49,-
2026-06-04,https://min-repo.com/3145000/,8,-,2677,16/49,-
2026-06-04,https://min-repo.com/3145000/,9,-,3176,12/49,-
2026-06-04,https://min-repo.com/3145000/,ゾロ目 (下二桁),114,3362,21/49,101.1%
2026-06-05,https://min-repo.com/3146740/,0,376,4977,24/49,102.5%
2026-06-05,https://min-repo.com/3146740/,1,-,4134,20/49,-
2026-06-05,https://min-repo.com/3146740/,2,194,4823,20/49,101.3%
2026-06-05,https://min-repo.com/3146740/,3,-,4455,20/49,-
2026-06-05,https://min-repo.com/3146740/,4,86,4663,18/48,100.6%
2026-06-05,https://min-repo.com/3146740/,5,-,4664,20/49,-
2026-06-05,https://min-repo.com/3146740/,6,-,4369,17/49,-
2026-06-05,https://min-repo.com/3146740/,7,-,4487,20/49,-
2026-06-05,https://min-repo.com/3146740/,8,-,3887,20/49,-
2026-06-05,https://min-repo.com/3146740/,9,-,4555,15/49,-
2026-06-05,https://min-repo.com/3146740/,ゾロ目 (下二桁),-,4274,20/49,-
2026-06-06,https://min-repo.com/3150573/,0,-,6772,10/23,-
2026-06-06,https://min-repo.com/3150573/,1,681,6014,8/23,103.8%
2026-06-06,https://min-repo.com/3150573/,2,1356,7127,10/23,106.3%
2026-06-06,https://min-repo.com/3150573/,3,244,6571,9/23,101.2%
2026-06-06,https://min-repo.com/3150573/,4,1188,6762,12/23,105.9%
2026-06-06,https://min-repo.com/3150573/,5,749,7002,12/23,103.6%
2026-06-06,https://min-repo.com/3150573/,6,4853,8463,18/23,119.1%
2026-06-06,https://min-repo.com/3150573/,7,747,7300,15/23,103.4%
2026-06-06,https://min-repo.com/3150573/,8,-,6064,7/23,-
2026-06-06,https://min-repo.com/3150573/,9,2234,7318,11/23,110.2%
2026-06-06,https://min-repo.com/3150573/,ゾロ目 (下二桁),678,7151,12/24,103.2%
2026-06-07,https://min-repo.com/3151015/,0,-,4744,22/49,-
2026-06-07,https://min-repo.com/3151015/,1,-,5397,21/49,-
2026-06-07,https://min-repo.com/3151015/,2,-,4789,17/49,-
2026-06-07,https://min-repo.com/3151015/,3,-,5146,17/49,-
2026-06-07,https://min-repo.com/3151015/,4,-,5031,16/48,-
2026-06-07,https://min-repo.com/3151015/,5,-,4923,21/49,-
2026-06-07,https://min-repo.com/3151015/,6,-,4715,18/49,-
2026-06-07,https://min-repo.com/3151015/,7,-,4977,19/49,-
2026-06-07,https://min-repo.com/3151015/,8,-,5090,17/49,-
2026-06-07,https://min-repo.com/3151015/,9,462,5105,21/49,103%
2026-06-07,https://min-repo.com/3151015/,ゾロ目 (下二桁),-,5025,15/49,-
2026-06-08,https://min-repo.com/3153189/,0,559,3147,26/49,105.9%
2026-06-08,https://min-repo.com/3153189/,1,-,3411,18/49,-
2026-06-08,https://min-repo.com/3153189/,2,-,3378,12/49,-
2026-06-08,https://min-repo.com/3153189/,3,-,3099,17/49,-
2026-06-08,https://min-repo.com/3153189/,4,-,3729,15/48,-
2026-06-08,https://min-repo.com/3153189/,5,277,3417,17/49,102.7%
2026-06-08,https://min-repo.com/3153189/,6,-,3672,22/49,-
2026-06-08,https://min-repo.com/3153189/,7,66,2746,19/49,100.8%
2026-06-08,https://min-repo.com/3153189/,8,-,3155,14/49,-
2026-06-08,https://min-repo.com/3153189/,9,-,3367,17/49,-
2026-06-08,https://min-repo.com/3153189/,ゾロ目 (下二桁),95,3478,19/49,100.9%
2026-06-09,https://min-repo.com/3155306/,0,115,3611,24/49,101.1%
2026-06-09,https://min-repo.com/3155306/,1,32,3095,19/49,100.3%
2026-06-09,https://min-repo.com/3155306/,2,-,3423,15/49,-
2026-06-09,https://min-repo.com/3155306/,3,-,3340,11/49,-
2026-06-09,https://min-repo.com/3155306/,4,327,3388,17/48,103.2%
2026-06-09,https://min-repo.com/3155306/,5,-,3852,14/49,-
2026-06-09,https://min-repo.com/3155306/,6,-,3316,13/49,-
2026-06-09,https://min-repo.com/3155306/,7,-,3157,15/49,-
2026-06-09,https://min-repo.com/3155306/,8,-,3348,18/49,-
2026-06-09,https://min-repo.com/3155306/,9,-,3421,17/49,-
2026-06-09,https://min-repo.com/3155306/,ゾロ目 (下二桁),-,3376,16/49,-
